"","V1","V2","V3","V4","V5","V6","V7","V8","V9","V10","V11","V12","V13","V14","V15","V16","V17","V18","V19","V20","V21","V22","V23","V24","V25"
"1",0.181343923329536,0.222986090751127,0.0649309912096303,1.99420119146304e-16,0,0,0,0.0500954006195566,0,1.2008139845212e-18,0,0.113839114006174,9.28020594963063e-17,0,0,0,0,0.0653406116978387,0,5.85511907839288e-18,0,0.0198008754410502,0,0,0.281662992945087
"2",0.186971899673811,0.217481546838737,0.0600403025979855,0,0,1.16706927220792e-17,5.67611354297614e-17,0.0572268852352905,8.817149977677e-17,0,0,0.108987908331861,2.34289313434473e-18,0,2.15685063444566e-16,0,0,0.0664423583863249,0,5.40883257269954e-17,1.4216346119101e-17,0.0129713159900512,0,8.00759657215445e-17,0.289877782945939
"3",0.208824914745429,0.251881762960709,0.0644767914154249,2.02905848160445e-16,4.5918165139498e-18,1.17347449951408e-18,0,0.0391496719557146,8.6886383703956e-17,2.43917033592607e-18,2.24545817227825e-17,0.114748891321827,6.42086100423876e-17,0.000778422637954796,0,0,0,0,7.14531407584905e-18,0,0,0,1.12683693185728e-17,0,0.32013954496294
"4",0.208548187422212,0.221868797125662,0.0711495385305825,2.5092483023513e-19,2.57780164840693e-18,0,0,0.0340081130953975,0,3.4654692215854e-18,0,0.138534709086215,2.02482657549922e-16,0,4.00585680438008e-18,0,4.44444076135365e-18,7.16570704253097e-18,0,0,0,5.11620388459796e-18,1.12102869558261e-17,6.1188411889052e-17,0.32589065473993
"5",0.233036066756189,0.111381394066021,0.0742650843158929,0,3.460737328989e-18,0,2.27417502388327e-20,0.107962916522829,1.79864158821858e-16,0,0,0.160003895691456,8.52032658496319e-17,1.28933281503218e-17,0,6.70544624607589e-17,8.16726155072803e-18,0,9.81823532678833e-17,0,6.0634645056875e-17,0,1.69932622496857e-18,1.87769534518315e-16,0.313350642647612
"6",0.240428059530843,0.107439931956087,0.0664278531510751,4.74371645796832e-17,0,0,7.5569045569252e-18,0.113681280695129,6.84927050930467e-17,8.20106407899338e-18,0,0.16022638181169,6.22824630817396e-17,2.70609798996191e-17,0,4.15274357284999e-17,0,0,0,7.53292336819126e-18,2.41092566955144e-17,0,6.83111313741029e-18,4.75504511979488e-18,0.311796492855175
"7",0.194191705691204,0.127317587869361,0.0728359326528925,1.65122994097948e-18,0,0,8.88223683105077e-18,0.103173208964571,0,0,0,0.16022565231925,0,0,0,0,4.26457742939851e-18,0.0493708731830363,1.36788826627218e-16,0,2.66989546564479e-17,0,1.52874199212938e-18,0,0.292885039319685
"8",0.199075350448974,0.135444511750081,0.0746759978411178,0,1.75166635928389e-17,1.29822947887137e-17,0,0.104239964225914,1.94493249422675e-16,0,6.23362270281243e-17,0.161383650951212,0,0,0,8.13870719238545e-17,5.07728302757073e-18,0.0343988204529125,3.65844048055964e-16,1.32979161020123e-17,1.15099980269219e-17,0,0,2.1179544246096e-17,0.290781704329788
"9",0.180877241546046,0.13716167040989,0.0671848215462855,0,0,0,0,0.100850204434682,4.79507323998589e-17,0,0,0.167474606777214,0,0,0,2.00197330027756e-16,5.8403203796267e-18,0.0569439840731449,1.1652335579259e-16,3.26848265014962e-17,0,0,2.7672570151764e-18,0,0.289507471212737
"10",0.18034264196255,0.130458076576632,0.0724420694923251,0,0,5.32762306470793e-18,0.0488863095660833,0.0240212839807751,0,3.99812560589036e-17,2.98459872952249e-17,0.157820054924311,1.42106428761084e-16,7.26587900425519e-19,7.25981640135822e-17,0,6.51601548846709e-19,0.110317579646739,5.91049478105688e-16,1.04691811054896e-17,3.75590025453802e-18,5.01795564792582e-18,0,0,0.275711983850583
"11",0.188923018143896,0.121247612145293,0.0827721461620482,0,0,0,0.0496509613992055,0.0207198904153727,0,2.38505145692626e-17,0,0.162029381160133,0,0,2.65599450909729e-18,5.98273189346884e-17,0,0.0972614541606509,0,0,0,0,0,6.07311468743975e-17,0.2773955364134
"12",0.172186721891107,0.108844304308845,1.695939809763e-18,0,6.99976641644718e-19,2.29460190613885e-17,0.0766830070546477,0.0259191251663214,0,0,2.31777541024837e-17,0.169587225348648,0,0,0,0,0,0.140511393974182,0,0,3.61713142998735e-17,0,2.73034917872306e-19,3.85450294515708e-18,0.306268222256248
"13",0.128471295471569,0.146526361865185,5.03409184635196e-17,0.0721757792989834,0,4.07127094541924e-17,0.0823658749940263,0.00697911728456888,3.33965309104699e-16,3.42498554134762e-17,0,0.166063746744088,0,1.81256488394127e-17,0,0,1.31347190445371e-19,0.0598653354089952,0,0,6.75283242502642e-17,0,0.004938459099168,0,0.332614029833416
"14",0.194044825967082,0.126874906762005,2.33813621102362e-16,0,0,0,0.0645207055761875,0.065845983559193,1.21375464032479e-16,0,3.59269444110361e-17,0.157437043892005,3.78996545455977e-19,2.38786943136625e-18,0,8.45931940509136e-17,0,2.19799877456748e-18,0,0,6.95607913517526e-17,0.0696803016585709,0,0,0.321596232584956
"15",0.201232607274403,0.129995607263468,1.8379384751433e-16,1.10915949000514e-16,7.35816820546759e-18,6.95556492629455e-17,0.10056978793236,0.0481553652835738,1.7766584197561e-16,0,0,0.159136756443487,6.70560992164928e-18,1.48707986620842e-17,0,6.79727803438499e-17,0,5.36074855642295e-17,6.52047188530343e-18,0,6.03642317580342e-19,0.0387878782836586,0,8.62676796857195e-17,0.32212199751905
"16",0.197719609304484,0.129968427637874,0,9.17785229179989e-17,1.21074448359588e-18,5.21807143872087e-17,0.0984948946766851,0.045320445608106,0,5.05463058346505e-17,1.65795469190627e-17,0.155886291481994,0,0,8.81652925267175e-18,0,0,6.69410395147408e-17,2.4660886553478e-17,0,1.3921407017824e-17,0.0551441322099376,0,3.06219293619257e-17,0.31746619908092
"17",0.199827724953926,0.130208894756267,8.79405723839598e-17,0,2.31501240357803e-17,0,0.107967696250241,0.0453834512172704,7.19268077168348e-17,1.57214827635848e-17,0,0.156390113567254,2.97859155672093e-18,0,3.99300683681324e-17,2.62013444095598e-16,1.19485420275498e-18,0,2.42849513412581e-17,5.77860609921553e-19,0,0.0380353148876569,0,0,0.322186804367384
"18",0.208451499660225,0.132568938825702,0,5.64706262480939e-17,6.33524726279154e-19,1.48575047191778e-17,0.11696878302088,0.0334623753755663,1.46899597363736e-16,0,6.05222887074462e-18,0.156202808955424,1.37636846941107e-17,0,0,0,1.61610609015128e-18,0,0,0,2.36553916104781e-17,0.031521751277146,0,0,0.320823842885057
"19",0.202766924469242,0.134618079779284,8.92456456917683e-17,7.86256508674732e-17,0,4.57333056763402e-18,0.13109365458782,0.0328720720876921,0,5.16366561394563e-18,0,0.15909929473221,0,1.12736628217179e-17,0,0,0,1.26236813224908e-16,1.85457805115351e-17,0,1.07096773853297e-17,0.0186145834754304,0,0,0.32093539086832
"20",0.184670949731245,0.145059260890733,0,0,6.19804785941086e-18,0,0.143538335837574,0.0305335353912774,2.18204206061947e-16,2.22889658572138e-17,2.55236716079833e-17,0.16067498368638,5.22385394275478e-17,0,1.06688274088343e-16,1.20349729977051e-17,0,0,6.88561655038195e-17,0,4.67171895907869e-18,0.0189801931667518,0,0,0.316542741296039
"21",0.191423667199155,0.155679734806035,3.09669057713293e-17,0,0,0,0.131664631918094,0.0349327104944721,2.55964959107168e-16,4.60995757941591e-18,4.04202182944202e-17,0.167987925640149,0,0,0,0,3.41572328683575e-19,0,0,0,0,0.000731963149743057,0,0,0.317579366792352
"22",0.166552167616142,0.181054801775649,0,0,0,3.8340610741021e-17,0.0805185354520969,0.0404977613336564,0,0,2.15013627814366e-17,0.172703691973249,1.33048465105232e-17,0,9.02860750308715e-17,0,0,6.8391253063882e-17,0,0.060070315111433,1.30450962130231e-17,0.010728407931167,0,0,0.287874318806607
"23",0.167434522479953,0.182757547271117,1.440274276e-17,0,3.48955581861951e-18,6.40760783855938e-18,0.0751000028337931,0.0455157581209568,1.65677761389342e-16,0,0,0.17387737070698,0,5.60280420072093e-18,0,2.45094472529462e-17,0,0,1.53016742170531e-16,0.0616672086955859,0,0.00884909544780827,0,1.49729455653997e-16,0.284798494443805
"24",0.168936892350594,0.180836373737201,0,1.44807711572795e-16,0,0,0.0695532220014874,0.0500295499285935,0,0,0,0.176721060133576,0,3.31917265157704e-17,3.40777100335184e-19,3.21055527251601e-17,0,3.82917256716159e-17,1.94646106863183e-17,0.0603353229259368,1.35972861934044e-17,0.0082034320925873,0,1.80005783533135e-17,0.285384146830024
"25",0.149682207980202,0.19265790900282,1.49780810623097e-16,0,2.42708098167447e-18,9.1102355496513e-18,0.0866110476632651,0.0559251992849077,0,5.16823120250718e-18,2.31100304665804e-17,0.188959812422341,2.16298739979001e-17,4.61671752966748e-17,0,0,0,0,1.34831940389273e-15,0.0383217157156455,4.24337029856479e-18,0,4.59604059228802e-19,0,0.287842107930817
"26",0.150112110430329,0.196092002065508,0,5.64112462253014e-17,0,0,0.0804990683135062,0.0573841400105718,0,3.54281040061057e-17,0,0.190757772877634,0,2.4310947597716e-17,0,7.16728223097981e-17,2.56212313783989e-18,2.81599002695265e-17,3.18205077861581e-17,0.0370254528803069,9.94921006159074e-18,4.175180920043e-18,0,0,0.288129453422144
"27",0.144907048714691,0.19273162439825,8.75884979701864e-17,0,0,4.2989515559114e-18,0.0756027817543061,0.0529572427366865,0,0,2.51503212881734e-17,0.187143779528969,0,2.10297912293671e-17,2.05568328158348e-16,0,4.95692051275712e-20,0,2.28261025414476e-16,0.0500584168695086,1.01632158676417e-18,1.01704303707967e-17,0,2.15249052204259e-17,0.296599105997589
"28",0.147832627141939,0.190704820262498,1.12790396390738e-16,1.6255886729851e-17,1.19213284671512e-17,6.06819764021867e-18,0.0770561307324074,0.0533277216561521,4.55857940281383e-17,4.53125344987388e-17,2.20031806244757e-17,0.184686614444873,3.24123148412092e-17,1.29150339306463e-17,0,7.65883189814048e-17,1.91906662883801e-18,0,0,0.050908588383675,0,0,0,0,0.295483497378455
"29",0.148895279745763,0.188001128313167,0,0,0,0,0.0682556753070916,0.0496147406322908,0,0,4.49153189193125e-18,0.186646631519725,2.68995836850675e-17,6.0119064590342e-17,1.83139673568732e-16,0,1.69001390353347e-18,0,9.61092209101677e-17,0.0627911731528843,1.85025828006892e-17,6.81385923807423e-18,0,0,0.295795371329078
"30",0.163168496543001,0.178129798879802,9.19786127346236e-17,0,3.29560127924537e-20,4.44252777417002e-18,0.058433948864093,0.0542221929339582,9.24318560742727e-17,0,2.93925342310083e-18,0.185756311366845,1.67388433735644e-16,2.95794669109876e-17,0,4.86479445147027e-17,0,9.38406134646154e-17,0,0.0757137871016128,1.28089863842865e-17,2.26217229652545e-18,0,0,0.284575464310687
"31",0.162330137371315,0.180311157779412,8.4863156394876e-17,0,0,3.0076946191201e-18,0.0440683833173671,0.075652567258349,3.91627808894599e-17,8.94466969675653e-17,4.23484965250076e-17,0.184392477693005,2.8939277473216e-16,1.07306920986693e-16,0,0,0,0,4.34568067827384e-17,0.075536952931858,0,0,3.41583820429729e-19,0,0.277708323648693
"32",0.161858627536799,0.177157307625691,3.26335405787629e-16,3.0775450541195e-18,0,1.4357567162161e-17,0.0546811797232314,0.0662581456551699,5.01329228264343e-17,0,3.14024769363713e-17,0.179204163615826,9.39701639686674e-17,9.9687041022969e-18,0,2.7925912092361e-17,0,0,1.25179464784954e-17,0.0914559954633218,3.1021101609654e-18,0,0,0,0.26938458037996
"33",0.149416736833254,0.178056984269598,1.66251484723852e-16,0,2.01685128491779e-18,5.7594326550292e-18,0.0512877420587464,0.0673874463359897,5.65292160903859e-17,3.31729980069312e-16,0,0.184967842893162,2.8262535012215e-17,1.46575271918523e-17,0,0,3.25556235288752e-18,1.24727836477286e-16,0,0.087145828285338,0,0,0,0,0.281737419323911
"34",0.171646112047121,0.168046122863095,0,3.43608917628657e-18,2.33893228651146e-18,0,0.0636996335428135,0.103621397457195,0,4.88824047655263e-16,0,0.176866928673269,0,0,0,4.50453038910811e-17,0,9.30937595433393e-17,1.39180191929056e-16,0.0771752906689116,0,0,0,0,0.238944514747594
"35",0.159338173230473,0.181992244916715,1.50251019393517e-16,0,0,8.81842057436069e-18,0.0528081278316474,0.0954856924025723,9.54936179481871e-17,5.79266123213534e-17,0,0.146296784758976,0,8.91787721980011e-17,3.14750293424135e-17,0.0598913801857091,8.02606209682132e-18,2.95130237531206e-17,3.28113472672305e-16,0.0671850618323102,0.0149408884028316,0.0287045847408446,0,0,0.19335706169792
"36",0.117422316437282,0.198315835544614,0,0,0,0,0.0853084329095645,0.0683612564394067,0,0,0,0.140331148959091,4.03361251544678e-17,0,0,0.121859839557409,0,0,0,0.0870864736989529,0,0,0,0,0.181314696453681
"37",0.10648326247117,0.1804556647182,8.04485493289367e-18,0,0,2.4301360521717e-17,0.0314781386175135,0.095738175530119,1.22115387257798e-17,1.87908558766775e-17,0,0.132141204155907,1.0859733613764e-16,8.86243775984009e-17,0,0.119109042690263,0,0.0511342623848832,2.18220714520761e-16,0.0696894960820232,0.0243778699097511,0.0369365274493551,7.26554556788599e-18,0,0.152456355990815
"38",0.0624289228451642,0.190950291766779,0,0,0,0,0,0.119341766961212,1.21508146330288e-18,0,5.8475219464459e-18,0.127175411986535,0,3.65981208287179e-17,1.06618412568097e-16,0.141639753916735,0,0.064921450996301,2.59319622573962e-16,0.0677693809557934,0.0244542773489641,0.0647677901352562,0,1.84892021040857e-17,0.13655095308726
"39",0.0785046461879911,0.176974644650913,0,0,9.89366933836061e-20,0,0.00442711166213152,0.136306529622152,9.85982826599916e-17,0,0,0.14266548793032,3.88371558409468e-17,0,0,0.0859381909799017,1.34983923065626e-19,0.104316413820916,1.4150476239016e-16,0.077895658660334,0.0021877819996845,0.0476711531152148,0,0,0.14311238137044
"40",0.119199393245274,0.175793818277785,2.12444260434836e-16,0,0,0,0.00851360785393329,0.136730972736837,0,0,7.32314704570224e-20,0.15650402493117,8.76730445126185e-18,0,0,0.150703391384354,0,0.0737708286775127,3.75616716478271e-18,0.0666063309412338,0.0221338316102146,0,0,0,0.090043800341685
"41",0.088589431737608,0.182599990937232,4.3446862253338e-17,0,0,0,0.0517986191916846,0.12504359517869,5.21761073035927e-17,0,3.81444869410005e-18,0.178822639774357,1.07605620524513e-16,2.64230215858529e-17,1.86015639791757e-17,0.0867542898696039,0,0.0848693530186399,6.06482570112122e-16,0.107504644604993,0,0.0174403346941751,0,0,0.0765771009930152
"42",0.0824878235369708,0.188640799824888,9.85227642946037e-19,2.2348534882457e-16,0,2.77453947859672e-18,0.0521245289423406,0.127186059918757,1.17305787385192e-16,0,0,0.180678147689547,1.64323359800036e-16,8.90538081083512e-17,4.65064670708952e-17,0.0868417395611534,1.12009658558417e-17,0.0817439052547932,6.27536604871116e-16,0.105878070594471,0,0.013880439588687,2.34131381875418e-18,4.11716974100211e-18,0.0805384850883913
"43",0.0627950593220876,0.186426293353079,1.12707160490626e-16,0,1.45575558693723e-18,0,0.0880118603032468,0.153106064933415,0,2.08000979789301e-17,0,0.18716893655269,0,0,0,0,5.72380273710606e-18,0.11585330011307,0,0.0856131470557863,0,0.0350041351292949,0,0,0.0860212032373304
"44",0.0770279588816585,0.181894327318529,0,1.71752257109583e-17,0,0,0.0661748253076936,0.164755525231212,3.39332857666108e-17,2.40907516131844e-17,0,0.180750988086831,0,7.036308316482e-17,0,0.0811720057379629,9.63874965626444e-18,0.0643457958951488,0,0.0885177621231033,3.52995893691349e-18,0.0480604655407891,0,7.67993709523359e-18,0.0473003458770711
"45",1.7347234759768e-18,0.219941246797899,0,1.79538921657514e-17,5.04377651979041e-18,1.72383177522571e-19,0.137777923620464,0.0810619574440481,7.56747619317027e-17,0,0.0163587795602324,0.180831325993282,1.687322111803e-16,0,0.0867530786204075,0,3.60682701151443e-18,0.0621801305513513,0,0.113449601004581,9.51504493614008e-19,0.0863891240174054,2.67282497935549e-18,0,0.0152568323903299
"46",0,0.228213754926864,0,1.07520067913553e-16,6.77519078622545e-19,0,0.153245875300135,0.0777135847034838,5.64775510655914e-17,0,0.0203163147715736,0.180738354889888,0,4.82524489827904e-17,0.0955173333165903,0,7.04772750561839e-18,0.0657989946199603,0,0.0913324649999873,0,0.0857924354772213,0,6.0138305743309e-17,0.00133088699429607
"47",1.30130738453227e-17,0.222617474239302,0,0,0,6.30931989267421e-18,0.196476963601733,0.0877250584082357,0,3.81884897903274e-18,0.0315522844390102,0.162675900527048,2.86192294459041e-16,2.40345107138105e-17,0,4.27107085586477e-17,0,0,7.53522429415581e-16,0.101783354468864,0,0.181743194863716,1.90373196561624e-19,0,0.0154257694520908
"48",0,0.239156038570029,0,6.8853508259056e-17,6.12818715679004e-19,0,0.202401259413245,0.099457722949376,0,0,0.0545425466850345,0.157650432353022,1.85686656661993e-17,0,0,0,0,0,3.00938118616552e-16,0.115279173346422,6.71545114825764e-18,0.131512826682871,0,1.54600637499272e-16,0
"49",2.34701369379732e-17,0.155418387064677,1.7463763406476e-16,9.8352759127518e-17,0,0.0244220552867705,0.158375001868105,0.0737289215332884,0,0,0.0926692753383411,0.14084001610497,8.82353624758895e-17,0,0,1.12960150496743e-16,0.00314626292870084,0,0,0.0759379842205988,0,0.230654340794817,1.37707878019898e-17,3.76265265372034e-17,0.0448077548597303
"50",5.47592546847599e-18,0.151996982041209,0,4.58760987122283e-17,0,0.0322428317973208,0.158607693130382,0.0432609674079787,0,3.28693915851332e-18,0.0810267747587107,0.175000808391475,1.59926535276358e-16,0,0,1.04935084961728e-16,0.000395073641982985,0,0,0.0630949737244468,9.39117003165616e-18,0.239360903047413,0,0,0.0550129920590808
"51",1.4272258202697e-18,0.14916987704022,4.02402121429582e-17,0,2.21317984539132e-17,0.0259632259741584,0.156111904637901,0.0446701534177819,0,1.02948007345556e-17,0.0729008166375171,0.190341214516766,1.55722688874679e-16,1.15952260455846e-16,1.39817910713127e-16,0,0.0121091777324028,0.00749330886885744,0,0.0565294637983407,0,0.23596092503772,0,0,0.0487499323383345
"52",1.45099614160573e-18,0.186390150486398,1.42560467948197e-16,0,0,0.0359022948854575,0.150497632488114,0.0315056331958678,2.32679757549325e-18,0,0.0598211010834679,0.206248895485151,0,1.50798735602215e-17,7.40353089841428e-18,0,0.0110606278580033,0.0141776040328799,8.7840412689077e-16,0.0470915208596758,0,0.216724151064539,0.00926484054029111,0,0.0313155480201534
"53",0,0.119201457782706,0,6.1783578423773e-18,0,0.0253611266253204,0.14427491593542,0.0398428054706264,0,0,0.0753989408955556,0.190660624397504,3.90013641605802e-17,0,4.46083543302527e-18,2.26346696776362e-16,0.0268104040669498,0.0381896590353876,3.99034785224697e-16,0.00527086216813592,1.98869305396382e-18,0.28935838876488,5.82710614233089e-20,0,0.0456308148575139
"54",1.66140433440863e-17,0.115919173050244,5.34021641582599e-17,0,0,0.0246073207635933,0.156294540164532,0.0320536837162476,0.0030005212430847,3.25803584538942e-18,0.0712823513566181,0.194978990512212,1.50761153106331e-16,0,4.43208192598206e-17,1.96832939934091e-16,0.0283855130782111,0.034879568973261,6.98598555013919e-17,0.019263778939548,0,0.281316296009747,0,0,0.0380182621927009
"55",0,0.10258680886272,7.31216990170611e-17,0,1.5719106211888e-17,0.0455063588897217,0.15858704278172,0.010533546393681,0.00788679209241519,5.63402526470036e-18,0.0832038139316391,0.213385544595193,0,0,2.91920890002627e-17,0,0.0450704159719147,0.0344578907509267,0,0.0294639858958409,1.65251697583465e-18,0.269317799834227,0,3.12796749704653e-19,0
"56",0,0.108852459955824,1.57743930908283e-16,4.43029235613721e-17,0,0.0497249346990879,0.167012684889714,0.00869948809909025,0.009888236527453,2.00693640379704e-17,0.0884540237534762,0.214024117249024,1.46577275968585e-16,2.36794007568327e-17,2.94430163003829e-17,0,0.0420001641254534,0.0297182005410121,5.01767605568492e-16,0.0344573512079347,2.51585994939493e-19,0.24716833895193,0,4.08753497352658e-17,0
"57",3.09748344849298e-17,0.0919193422081583,3.00303940879626e-16,2.43925014844412e-17,5.72969573630748e-18,0.0293848289873601,0.162850870159463,0.0179212175766745,0.0194092068205596,0,0.095173765858023,0.209735203158069,0,9.60360887631299e-17,0,4.19067246648346e-17,0.0450997650525562,0.0377127622173841,5.41969298973683e-16,0.0268698453403676,0,0.263923192621383,0,1.86262231741906e-17,0
"58",0,0.0904214102820389,1.76107753633108e-16,2.42604501270089e-17,0,0.0341761376764666,0.179565787407675,0.0033964332124984,0.0307689842525731,1.72233646311499e-17,0.0911667361631259,0.207198829464932,1.22205314470621e-16,3.17479069099902e-17,0,7.97683342387554e-17,0.0402950410842245,0.038406281127081,4.9839674604659e-16,0.0270693548535198,0,0.257535004475864,2.13237605823041e-18,0,1.73472347597681e-18
"59",0,0.106309122848816,2.08858773085391e-16,8.04037658223349e-17,0,0.0422663450425855,0.191608124530102,0,0.0251801212352515,0,0.0825965879199421,0.206214110449744,1.67294218916669e-16,0,5.73161907061957e-18,0,0.0333995523592224,0.0357353795649036,4.37862693104424e-16,0.0151822651969245,7.99343467601121e-20,0.261508390852507,2.19970967926504e-18,0,1.84135681020812e-20
"60",0,0.104305601467545,3.5156349368892e-17,8.63209622507269e-17,2.21728387747271e-17,0.0423581123862605,0.188425733295497,0,0.021627170857391,0,0.0823913212626597,0.2072627002151,3.32746620183865e-17,1.37765152513812e-17,0,0,0.0353509683261922,0.0350478471595059,0,0.0183097660389029,0,0.264920778990947,1.43347743073706e-18,0,0
"61",4.80513241189448e-18,0.0663309616391073,3.7051671537039e-16,7.19237427531623e-17,0,0.0426810493996249,0.167733004485492,0,0,0,0.0906397732520479,0.203923905571771,0,5.21610323375104e-18,4.24754626987502e-17,5.40299717357133e-17,0.0273568211488571,0.024119323314619,1.15331056891086e-16,0.00154419589355703,1.01792225802706e-17,0.355799133274856,9.88744782242957e-19,8.28678263195373e-17,0.0198718320200665
"62",1.76599510496352e-17,0.0715592782337812,0,1.0870980537407e-16,0,0.0421854233664475,0.175622538615474,9.81887547847109e-17,0,0,0.0869816871085819,0.222027418403782,2.41522391323586e-16,3.56200158262683e-17,8.65230022220166e-17,1.69162481960954e-16,0.0306453341472055,0.00733863813515607,0,0.0175229863950792,0,0.346116695594491,6.99745629498324e-20,0,0
"63",0,0.0440400209334959,0,4.39400383101599e-17,7.3751292959603e-17,0.0492956520518773,0.180212977219609,2.41350488907865e-17,1.4010070723289e-18,1.53216595155713e-18,0.0898584800871389,0.222103102036597,0,0,0,9.26451236561686e-18,0.0276019063066959,0.023373895648159,6.66781138902198e-17,0.0198271103796465,5.61276376096577e-18,0.34368685533678,0,1.69405044471996e-17,0
"64",3.26683001142809e-18,0.050879018447032,7.18392712485158e-17,0,1.92404823834437e-17,0.0567896926761623,0.190467064285551,6.25395674217484e-18,0,1.36440702543195e-18,0.0841667355065039,0.185263680453486,0,0,0,2.27295354197418e-16,0.0263216911273492,0.0209477411984552,0,0.0382760937889396,0,0.346888282516521,2.81116166700364e-18,0,0
"65",0,0.0854422185109334,0,1.99514628088008e-17,0,0.0540999825953128,0.162407944510706,4.27714274455661e-17,0.00110243307429973,0,0.0834003116863825,0.176474109466832,3.21092915470317e-16,0,7.98859550351818e-17,0,0.0359890870996625,0.0194221673588145,3.07553927810047e-16,0.0346721179447074,1.73472347597681e-18,0.335771340923995,0,1.4337140207474e-17,0.0112182868283542
"66",1.04284153672521e-17,0.0905446862106366,2.97505798619866e-18,0,1.61666662193195e-17,0.0437465943638846,0.152836962313295,0,0.00131705896543928,0,0.0827030264891596,0.167119342948993,3.05156930813758e-16,4.0655099478136e-18,5.93285512249035e-17,0,0.0457625936258246,0.011760576063774,0,0.0516426060683114,7.57259521952298e-19,0.34156641491045,0,2.08436805832422e-17,0.011000138040232
"67",1.18513511518988e-17,0.0726329872804018,4.20630567964763e-17,0,1.58790999714749e-18,0.0383978139425706,0.149483414028469,0,0.0032109309703192,2.30271530948756e-17,0.0895649609017892,0.175073554242826,0,6.22694839122066e-17,9.81889916152067e-17,0,0.0497046720859901,0.0128925095688519,0,0.0471703210519197,0,0.337825129787265,0,1.65983822258375e-17,0.024043706139598
"68",0,0.083130284351784,5.02276014615334e-17,4.45750519516211e-16,1.26158087054599e-16,0.0423055805844201,0.156542672046354,0,0.0093508403144341,1.39535770325145e-17,0.0654425040431111,0.167693809044434,9.09473374229073e-17,1.36009741907969e-16,2.82638089792282e-17,1.122232780362e-16,0.050955929765821,0.0200000259987154,9.33183451047877e-16,0.0748279111340715,0,0.318787239486535,0,3.19282366064284e-17,0.0109632032303182
"69",0,0.0859005445315826,0,3.67102901357918e-16,5.07022424465911e-17,0.0361165985650842,0.146256508043573,2.01301100543212e-17,0.0113340989019384,2.28436525317926e-17,0.0660738656844165,0.170115908006762,1.73371416053095e-16,3.31539871776633e-18,0,3.41717095823089e-17,0.0587283490951423,0.016424230305648,2.797682930054e-16,0.0802036401413677,0,0.315056507889995,2.44709595575209e-18,1.80019482284534e-17,0.0137897488344898
"70",0,0.105165650317107,1.63992399152925e-17,1.04103627662329e-16,0,0.0260237174275848,0.12664026126463,0,0.017971102675983,0.0594364867219338,0.058449844481603,0.213744039153842,6.36990625808601e-17,3.56240463137156e-18,1.2646497471847e-16,7.72298323058614e-17,0.00660699095484089,0.013602629113152,2.66476437039084e-16,0.0380324358563135,0,0.291800922494761,2.90940321523986e-18,0,0.0425259195382483
"71",4.46568706717234e-17,0.0874503810057091,0,0,6.63925828230218e-18,0.0282554274999115,0.118603133250147,0,0.0137377785195984,0.0590748711921673,0.0589000480680578,0.219325660229609,0,0,0,0,0.0158681074265819,0.0254262812142506,3.79209219603761e-16,0.0456038956107161,1.14334780417919e-17,0.290909164983308,0,1.03926533205786e-19,0.0368452509999427
"72",2.44184293062708e-17,0.110192870278806,1.84176595462445e-17,0,1.66285231799895e-17,0.0294536361697751,0.119746669725857,0,0.0137966826077866,0.0547162780793696,0.0567036578991434,0.20722112104508,1.1084658249185e-16,1.04870063693734e-16,4.375036408402e-17,0,0.0207882239357061,0.0248235507110491,6.69236683086216e-16,0.045810582101828,2.19316337043245e-18,0.282265140565053,3.4797668186978e-19,0,0.0344815868805456
"73",0,0.0770845532723471,0,0,6.93857909746197e-18,0.019187990189696,0.143136394525688,1.13623880817669e-17,0.00303592200617102,0.0613101184943652,0.078930105008917,0.239337975339109,3.69754444751619e-16,0,0,1.73402983815344e-16,0,0.0259544834454157,0,0.0414214139628511,7.14634587336424e-18,0.282886839132347,3.20583527016446e-18,1.69185813997279e-17,0.0277142046230919
"74",1.26349978066799e-17,0,0,3.13780455197598e-18,0,1.16107366680384e-19,0.214606546983499,1.7473045056875e-19,0.0240526010254529,0.00224401268260709,0.119450340648569,0.215724645493394,3.44504707893592e-16,2.14381314998877e-17,0,3.72263056529415e-16,7.75283070579757e-18,0.055933122936374,2.11960697401263e-16,0.0728718334551425,1.39649701321177e-18,0.270767450581947,0.0139224019987694,9.87645764046841e-18,0.0104270441942454
"75",0,0,0,1.11264369249787e-16,4.59984741738988e-17,0,0.21051861235766,0.00350946155323843,0.0278788492261816,0,0.118033541060081,0.222252763986546,6.97324546623322e-17,0,7.51623380666918e-17,0,0,0.0526800170173546,0,0.0704083404787759,7.43326962712622e-19,0.269432930152771,0.0141255295441631,0,0.0111599546232278
"76",0,9.02872622941799e-05,0,0,0,0,0.190177451760881,0.011409926518941,0.021126720677611,0.0122512722362159,0.119008890916653,0.22233389473408,1.40437534142677e-17,1.40609064697318e-16,0,0,2.32656309008004e-19,0.0508744536693434,0,0.0517568239929012,0,0.286981063896559,0.00713196343145221,3.8432659263927e-19,0.0268572509030677
"77",0,0.00986504623925874,3.96155507858426e-17,0,2.76602994473995e-17,8.67361737988403e-19,0.190926788123652,0.00943316623144557,0.0243080040143723,0.00955926904607772,0.115928701602073,0.217441517777747,0,2.09359321442444e-17,0,1.10239958922443e-16,0,0.0470623143392287,5.60411991161257e-16,0.0514736903358733,0,0.288160471155672,0.00806019981088029,1.10004338465467e-17,0.0277808313237185
"78",0,0.0112252359938514,1.62957313857504e-17,0,2.022655770078e-17,0,0.172713114402156,0.0414156570391894,0.0491489900764415,0.0234034383408041,0.109052804571863,0.189784089608049,0,0,0,2.69133086657052e-16,0,0.051008681926208,4.04371250537813e-16,0.0347785337941605,0.00122430302697579,0.279655547255353,0.0156579008242505,2.35741922382123e-18,0.0209317031406972
"79",4.23272679312614e-17,0.000277990136298972,0,0,3.1721491777002e-17,0,0.177672476830305,0.0425339157738458,0.0441567923710922,0.0328166665928339,0.111875656997209,0.189237860655534,2.87194787358525e-18,1.94578588392435e-16,0,0,0.000968123089012551,0.0502709202199837,4.3379869429132e-17,0.0317197722221817,0.0036609919927483,0.281887088449948,0.0182134876354965,1.81371486144861e-20,0.0147082570335095
"80",0,8.6450385434137e-19,0,3.5714163879991e-16,2.80613477015115e-17,2.12771331939995e-18,0.174062402350171,0.0241182946981239,0.0493732462327493,0.0252386413313099,0.110500050803979,0.191614386068879,2.83162863594024e-17,4.58627308449933e-16,5.92563638924704e-17,0,0,0.0446628068998114,4.69444597738143e-16,0.0307192716459044,1.08828526351024e-17,0.303309063401269,0.0195848108768349,4.28361130648322e-18,0.0268170256909666
"81",1.49044002561241e-17,0.000652143806308026,6.87304150367071e-16,0,0,0,0.146599357558055,0.0174658764208386,0.064591462959447,0,0.12123924525496,0.240346872784084,3.90638748888366e-16,0,1.88958363453067e-16,1.83017135252998e-16,0,0.0332493839648399,1.10525677985394e-15,0.0362438193821211,0,0.308197850716562,0.0241939178777975,1.64223826034487e-18,0.00722006927498537
"82",0,0,0,5.48155145098583e-17,1.14896086798893e-17,0.00120644899872491,0.156077653676717,0,0.066350193146955,3.65986606229029e-19,0.124207951046941,0.260625629785789,2.35809855988485e-16,1.01481278192665e-16,0,0,2.98650269886841e-19,0.0350510765628105,0,0.0249392928301211,0,0.30971162401861,0.0160179359599165,3.06444918741292e-18,0.00581219397341501
"83",0,0,0,0,0,0.00170063089300648,0.164148845800956,0.00831215067096597,0.0568437781310517,1.55069949106193e-16,0.126940265439593,0.248647213984352,0,6.67808170663466e-17,0,1.4815894326042e-16,5.07857393740714e-19,0.029623189070928,7.46942217578651e-17,0.0202041908337825,0,0.312315743668878,0.0161261699904625,0,0.0151378215160238
"84",1.11373058613391e-17,0.00117053374669478,0,1.66749084613092e-16,1.31950617247986e-17,0.00272494768198425,0.168175248784549,0,0.0650321422145235,0,0.125500890696128,0.239311206251776,0,0,1.40963450720551e-17,0,8.36365043322357e-20,0.0303747944931969,8.64321553673036e-16,0.0184310671040314,8.78365071739154e-19,0.313753076356777,0.0177244287560474,6.11231724784015e-18,0.0178016639142909
"85",0,0,2.90030319573374e-16,1.63097092858765e-17,0,2.16705416730021e-20,0.144190237203983,0,0.0442669324550242,0,0.108333212946112,0.252719032305886,0,0,1.0431546882771e-17,1.1848710285217e-16,0,0.028708270166919,8.11512138994145e-16,0.0364126574767231,0,0.331593549429306,0.0205042838587678,0,0.0332718241572779
"86",0,0,2.77711650124979e-16,0,0,0,0.147651362694406,4.25638003078594e-19,0.0433560603082036,0,0.109447880917778,0.250459836462926,0,1.10893964976958e-16,1.72099097086749e-17,3.03825573327299e-16,2.73363364076214e-19,0.0329672366013999,0,0.0424049921611166,1.28994599081093e-18,0.323329630689973,0.0238881429350908,2.552473815783e-17,0.0264948572291062
"87",2.93398900814921e-17,0,5.89575764646542e-16,6.02836404588394e-16,0,0.0133276261621009,0.119607927138347,0,0.0584195560824988,0,0.0955551380885674,0.277681035778556,0,2.87565552970173e-17,2.10051186417283e-16,5.39671104963875e-16,0.000457626179608869,0.0465384144094331,3.19722723228069e-16,0.0156598559585934,0,0.325424243236823,0.022959302176111,0,0.0243692747893579
"88",0,0,0,0,2.83465602902281e-17,0.0236522824935157,0.0842482935974097,0.0183714472813625,0.0797993091714793,0,0.0817229983064364,0.262577406457056,7.26573959085796e-17,3.36992426265449e-17,0,0,0.0271506435675845,0.0580757136517315,3.70626721526031e-16,0.00613468965178105,0,0.316647166367315,0.0155446364390932,0,0.0260754130152345
"89",0,1.3159236072842e-17,8.22907820931557e-19,0,0,0.0270927813189572,0.0898425886415454,0.0584980607587254,0.0340896642698368,0.00844182649122465,0.0717729361119449,0.178319897207062,0,0,5.31233882438183e-17,1.43861262101205e-16,0.0814505518006351,0.0377421851443251,0,0,0,0.359490594234138,0,9.93861713101589e-18,0.0532589140216056
"90",2.38889050021618e-17,1.64548155328745e-18,6.33978310742879e-18,0,9.21478143083558e-19,0.014531041696267,0.0733242382634024,0,0.0351676807454295,0.0486697177100903,0.0577974928116898,0.304832226935541,0,0,2.37219119186266e-17,1.69683196012076e-16,0.0456933992156585,0.0276068683704509,0,0.00280846480027896,8.26504792161922e-19,0.343839585805274,0,1.0529348359625e-17,0.0457292836459169
"91",1.8943582971053e-17,2.37914398565366e-18,0,5.66672501995748e-16,2.11391522750138e-17,0.00582446594688847,0.0746042876770848,0.0235167585271388,0.0210577683653966,0.0685784003888966,0.0658357878307381,0.286103727780455,2.52332564738312e-16,1.91256474634114e-17,3.54688885563745e-17,8.38108326273223e-17,0.0438201242862474,0.0542826154435315,0,0.00352831743100411,4.52887228950141e-18,0.330200473109118,0,2.35782976191737e-17,0.0226472732134996
"92",3.64182493170401e-17,0,7.66626075850704e-17,0,4.42375405857027e-19,0.0051889473732753,0.0891938989129965,0.0196801122110471,0.0255398419821568,0.0745896395810007,0.0752430649001873,0.269880146365343,0,0,2.37624593902672e-17,6.300483228577e-17,0.0544767738966733,0.0600954704088039,0,0.00339966927197497,0,0.317851262741129,0,1.81380614883622e-17,0.00486117235541186
"93",0,0.000439655696481523,2.00917144635966e-16,1.19989172856301e-16,9.38265874361001e-18,0.011780035509912,0.0785025572972973,0,0.037278709109908,0.0631469949432663,0.0911314357246657,0.282730938593145,0,0,0,2.15479078738938e-16,0.0655147796782288,0.0714139188104951,0,0.00614549474338397,2.47168258280723e-18,0.291915479893216,4.23015114338259e-18,2.06787471013245e-18,3.57364872606965e-18
"94",0,0.00787693864105839,0,0,0,0.0190393323131012,0.0434244630979433,0.0063107271701474,0.012425101332684,0.0955014598658211,0.0840432868718307,0.290818894689353,1.46820191452018e-17,0,2.34630111589399e-18,2.738436947683e-18,0.0626563549089222,0.0766629479749672,5.89255984076153e-17,0.00164852291812341,0,0.299591970216048,4.17656170956619e-18,0,0
"95",3.2186797201307e-17,0.0272889360603,0,6.63637021035206e-16,1.1950025107727e-17,0.00728602367536877,0.016485010478582,0,0.0258188187516234,0.0857018203743836,0.0860652314019103,0.316449796942728,1.92152068132e-17,4.72537364972292e-17,0,0,0.079808085297662,0.0881218892999164,0,0,1.8503423000071e-17,0.266974387717525,3.78919649089985e-18,0,3.24765907862846e-19
"96",4.28635099704308e-18,0.0312082669322565,0,0,0,0.00317626278775936,0,1.70802649233631e-18,0.0635015528633335,0.0220681876848614,0.0845116631207322,0.330043161748047,2.18356860044272e-16,0,0,0,0.0866347688674478,0.0603898937578426,0,0,1.68025989300034e-17,0.318466242237719,0,9.7159541278386e-19,7.869630564247e-19
"97",1.79069543604488e-17,0.0307570915226078,0,6.048312369214e-17,7.31443775585988e-18,0.00241767626364531,1.35394332211526e-19,0,0.0765594176695134,0.00933420192120357,0.0850861013043037,0.329463739001943,2.30890910251651e-16,0,2.09245133857918e-17,0,0.0878237918021085,0.0611465632104371,1.77411609837769e-16,0,0,0.317411417304237,0,0,1.59831817079144e-18
"98",0,0.045776486133083,1.92364147635784e-18,0,1.44529460777193e-17,8.67361737988403e-19,1.11652461056061e-19,3.49781193153096e-18,0.0752376496093307,0,0.0816423629491598,0.280734634353808,0,0,1.85215798606938e-18,4.66171671690168e-16,0.157829717740366,0.0563888681246886,0,0.0118997045923578,5.50609034171105e-17,0.284361779533234,0,0,0.00612879696397156
"99",3.94925365042343e-17,0.0593064268553074,0,0,8.04477749364793e-18,0,0.00672403408746406,2.41989830822485e-18,0.0863300554381865,4.51451515252777e-18,0.0730959180788917,0.259746462709748,0,0,0,0,0.156880828202152,0.0402294241310759,0,0.0157140017344707,3.0700167935713e-18,0.276196284074247,0,0,0.025776564688456
"100",0,0.0766088838818558,0,1.17397739804077e-16,0,0,0.0119493366694058,0,0.0794595374355653,4.00245420776242e-17,0.0739665072456109,0.224319641319337,1.04375145759267e-17,0,4.97686660786931e-17,0,0.172602860552623,0.0383825024229106,0,0.0204415304536061,0,0.280374848667069,0,0,0.0218943513520162
"101",6.20669763031918e-17,0.0606242785482262,9.52661297936556e-17,1.37019685750551e-16,0,0,0.0303898945394787,0,0.0655847073553209,9.85533850143439e-19,0.0764774628876212,0.224659291189054,0,0,0,0,0.180071044679824,0.0471678052677396,0,0.0225106439848077,0,0.270978655030242,0,0,0.0215362165176846
"102",9.74864487375534e-18,0.0269289831353153,7.1958574458386e-17,0,1.670673159878e-18,0,0.0431193370906974,0,0.0836165148784169,1.22983370790463e-17,0.0607772302782563,0.232216041028287,0,1.56277173722681e-17,0,2.29728795341988e-17,0.1460939945244,0.0627021971078611,0,0.024893579226549,0,0.306969617838988,0,4.96071952991469e-19,0.0126825048912283
"103",0,0.0710543495097712,2.49737544439628e-17,2.35142524845623e-17,1.25378975612296e-17,0,0.023564393777316,0,0.059905743850212,1.41636048721694e-17,0.110024176325633,0.198742178873247,0,0,3.69417794147107e-18,0,0.188279667444253,0.0210573614934932,0,0.0155002107489581,9.33803650381039e-17,0.27548450635451,3.63796579471111e-18,2.66661867058922e-18,0.0363874116226049
"104",0,0.0770094185023591,1.05454592919534e-16,0,0,0,0.0275424733006067,0,0.0619568126658533,0,0.100925361362207,0.198314179845179,1.50410600008015e-16,1.68927516571272e-17,1.25177329909553e-17,2.90589297804863e-17,0.164162597717134,0.026398815380787,0,0.0141156417775375,2.49258893556794e-17,0.287918034951582,4.18475473545244e-18,0,0.0416566644967546
"105",0,0.05830319156317,5.79230871012226e-17,1.6199336622875e-16,0,1.73472347597681e-18,0.0168555807996466,0,0.0672362707297598,9.78486989919192e-18,0.0842469199604586,0.234888123868345,0,5.23833896728273e-17,1.44193577085241e-16,0,0.156312126979933,0.025157454630058,1.09959738979879e-16,0.00535194368028503,0,0.290349917485226,1.35761891814912e-18,8.27971173017545e-19,0.0612984703031174
"106",0,0.0586531315654953,8.74892037943902e-17,5.96982228595112e-17,3.53886576969461e-17,0,0.0204467346535823,0,0.0201733042042243,0.0291973810855279,0.0958925622997134,0.228932326407909,1.69337347869686e-16,1.51094011432463e-17,1.41507430010377e-16,0,0.167973550934191,0.0155894678464071,0,0.0178498855242155,7.45607848125323e-18,0.273199117376522,1.24310275839229e-18,6.30062823624677e-19,0.0720925381022117
"107",3.64759038047267e-18,0.086445849173235,1.17073700160133e-16,0,1.27397290822526e-17,0,0.027954057350566,5.76779107062743e-17,0.013814219256297,0.00379839500727748,0.0858523111754046,0.329065286225454,0,0,2.88987486889635e-16,0,0.0792672846172119,0.0332817953079886,0.0500013882856673,0,6.28954215639526e-17,0.203232024794571,0.00410999722986711,0.0101228021140713,0.0730545894623885
"108",0,0.0797199259617543,0,2.92486065482748e-16,0,7.67156067511907e-19,0.0249752093053481,0,0,0.0158177559664178,0.0820544906133507,0.348533059485308,0,2.61461671719366e-18,0,4.61735682787612e-17,0.0905120120633499,0.019204416835305,0.0556196858850161,4.47839572844142e-19,1.93106844566247e-17,0.191532795693245,0.0104028351346787,0.0133201375428534,0.0683076755133724
"109",1.11720971336587e-17,0.0699405666313628,1.55482183239139e-16,4.99466342299903e-17,0,0,0.0278664847739534,8.37037005074903e-19,0.00401774197326937,0.0125619167078002,0.0901199783809457,0.337888346370258,1.21013850480676e-17,1.74199559146787e-17,0,1.00865543772512e-16,0.113209319871405,0.000102766389024054,0.0514873439502187,0,0,0.186431623979199,0.0190402508330295,0.020905058196551,0.0664286019429823
"110",1.99764752312549e-17,0.0411067507035331,1.20633726266805e-16,2.18272812259871e-17,5.3805147325475e-17,6.65361156510032e-19,0.0429170237738043,2.29579179831108e-17,2.33917039773279e-18,0.0144986068042036,0.084002175762076,0.355269641147244,3.30031116955519e-17,0,3.29270370085432e-17,4.29177449098929e-18,0.080396163599305,0.0351972747989955,0,2.75135785393313e-17,0,0.216419386032574,0.0314188418208975,0.025762210094886,0.0730119254624809
"111",1.13117325663803e-17,0.0414877246559857,1.22458741725945e-16,0,1.43654475288042e-18,1.53980111159721e-18,0.0328177015103435,0,0,0.00835336403471561,0.113658723355748,0.360909539460835,0,0,1.11330737392426e-16,4.33399115410235e-18,0.058896949450283,0.0271863756016185,1.77059986095243e-18,1.31028197557879e-18,0,0.220944171302523,0.0293249113902212,0.0252863417086174,0.0811341975291087
"112",1.07369847344324e-17,0.0686030501122548,0,5.74102313721438e-17,3.57543950745811e-17,6.69721136703396e-18,0.026498579958441,0,0,0.00026706889593079,0.126305651662669,0.344493680400567,0,1.55163190634582e-17,2.33367974644159e-16,4.53231685897892e-17,0.0377692340682199,0.0244379974824255,0,0,0,0.22520292212735,0.0222223416595434,0.0301783743428464,0.0940210992897519
"113",3.62604752413193e-19,0.0785995111394831,1.54496508213568e-16,1.16969830183715e-16,2.78747289640614e-17,2.89292304327565e-18,0.0372069320184984,0,0,0.0173898842827939,0.128426600294617,0.276703799330399,0,3.52494454181483e-18,2.05105640874703e-16,0,0.0681960428548204,0.0260282726297308,0,0.0113454783514255,0,0.198639668627386,0.0225823706428033,0.00983025914333256,0.12505118068471
"114",0,0.0934365417546747,0,0,0,0,0.0278893358823605,8.72233206425123e-17,0,0.00217427249265142,0.140611901249163,0.266064495170329,1.94345120029457e-16,0,0,0,0.0653596596390477,0.0346227487147985,0.0210821180877499,0.00384398083638202,2.29936542442655e-17,0.185794757720055,0.0455840180866028,0.0127614516720131,0.100774718694172
"115",0,0.113617683429583,0,6.23238566103305e-17,0,5.34810281798207e-18,0.0256867389388223,0,2.81620128335212e-18,0,0.152657572505014,0.238375810309456,0,2.89081031496492e-19,1.59476257134898e-16,0,0.0437390338491202,0.0418798145868874,0.0308199719910002,0.0145874546737673,0,0.167207087282245,0.0644111836791462,0.00296226830740034,0.104055380447559
"116",2.06713496895736e-18,0.113313119832537,2.52752130508311e-17,0,2.43569322745563e-18,6.01677617822344e-18,0.00887364391885474,0,4.14925093564311e-20,4.9861257126477e-19,0.149136475784257,0.238525846009925,0,1.90328613040364e-17,0,0,0.0541198395785481,0.0400429556359273,0.0318497547839206,0.0189154744038087,2.8444365432118e-17,0.177805394013298,0.078170935368024,0,0.0892465606708993
"117",7.48246566078147e-19,0.126680112886769,0,0,2.89462562479455e-17,0,0.0193807840086686,1.02704173539509e-17,0,0,0.151972070846562,0.22127833411312,0,7.28053429677863e-18,1.89679293061587e-16,0,0.0347333167071667,0.0271185805075056,0.0191826955663559,0.0346468532627266,1.54624514512916e-18,0.168233409578964,0.0708010929451729,0.00277003675367096,0.123202712823317
"118",3.53671043076613e-18,0.129495612458884,0,0,0,0,0,8.51724481272278e-17,4.01581063400266e-18,0,0.153567561579634,0.222053087830438,7.2581204065234e-18,0,2.10369624338318e-16,0,0.0198984434082265,0.00167792727517578,0.0474376529515366,0.0241550372244195,0,0.189453266929838,0.0792415466080279,0,0.133019863733819
"119",0,0.124682603666498,2.73810445651115e-16,7.56267645094144e-17,3.86575183105511e-17,9.12874800545568e-18,0,5.82290360003057e-18,4.71942413887373e-18,0,0.161343759868776,0.222230647889406,5.13723951042971e-17,1.66240097820874e-18,0,0,0.0258581372579724,0.0154399023000326,0.026872972857101,0.0248084312474057,1.55991656041774e-17,0.189330236334897,0.0860458504758769,0,0.123387458102034
"120",0,0.131687336480612,1.97438118058759e-16,2.9960102419839e-17,1.13808348477861e-17,0,0,0,0,2.90284853374242e-17,0.154619786055492,0.232719872370715,0,2.29646417495769e-17,1.50446061684072e-16,0,0.0216001159317475,0,0.0436117368302875,0.016899589651373,2.55915489495817e-17,0.177655021213842,0.0936192940649696,0.00128650351452606,0.126300743886434
"121",3.00075795634907e-19,0.120048093840199,0,0,1.77964898980256e-17,2.62023833480983e-18,0,0,4.71417252331367e-18,0.00879574786369943,0.167191518888972,0.259284073349806,0,6.20008532397205e-19,0,0,0.0176441707820711,0.0130646037473778,1.76632383379894e-19,0.01515421161791,2.03203192252438e-17,0.156722236318985,0.106539252787548,0.0146738204163306,0.120882270387101
"122",0,0.153866499366473,1.50398646233345e-16,7.36494317891135e-17,3.96488731927326e-17,0,2.77254824867293e-19,0,0,0,0.162694282218885,0.243220282226785,0,0,1.39061391542674e-18,0.00821180952863508,0.000992249386058179,0.0324126120797304,0,1.45560150453703e-19,0,0.169876401826353,0.117137856377873,0,0.111588006989207
"123",7.82039658300415e-18,0.168318923104271,1.35500661095527e-16,7.2949720572079e-18,1.43366627445656e-17,1.25905598992928e-18,1.55972073266414e-18,0,0.000225949953592248,0,0.181706811642094,0.23850720134917,0,0,8.02688812575658e-17,0.00431769539622775,0.0353873017403894,0.0177844782228797,3.05221738203176e-19,0,0,0.131518837980603,0.136485153292087,3.90485650667385e-18,0.0857476473186857
"124",0,0.175375657577641,0,7.36975323497886e-17,8.48521952671783e-18,2.54138692358108e-19,0,3.34950966926201e-17,0,1.53402822530859e-18,0.184006341149379,0.260701067547098,0,0,0,0,0.0389801840732259,0.0253649718545032,0,0,2.04138246173218e-17,0.126654573403386,0.136601047809789,0,0.0523161565849773
"125",3.11927483786716e-18,0.172948872218386,8.84583261024824e-17,0,1.83861947690149e-17,0,0,1.12544623735711e-18,0,0,0.186979978418001,0.265460039397118,0.00557390956712163,4.76695404417305e-17,4.00850636711251e-17,1.68075341756553e-18,0.0319882807936092,0.00584354964982709,0.0190006546220549,0,2.09974429694784e-17,0.124196141963579,0.145747608917689,0,0.0422609644526138
"126",4.29071135995994e-20,0.17656527890158,0,0,0,0,0,9.38998342101766e-18,0,0,0.201504239318808,0.267401879182597,0.00156549206359267,5.33759108565006e-17,0,0,0.0475648218405611,0,0.0271171736723218,5.64003320170969e-19,3.34948299632988e-17,0.104639980463882,0.141895667172022,0,0.031745467384635
"127",0,0.175802722465859,0,1.57808916689079e-16,0,0,0,0,0,0,0.20109127093135,0.267630681866554,0.00190361681274161,0,0,1.03076638515283e-17,0.0483737837416644,0,0.0261088930608793,8.62548546658646e-18,0,0.10705731722877,0.141174201301935,0,0.0308575125902464
"128",0,0.13787456655476,4.39405062826796e-17,0,1.9892234838944e-17,0,3.5808577658207e-18,0,0,0,0.234491174667462,0.26630598873484,0.00442108941527905,2.16876243341109e-17,2.47517463909039e-17,0.030682157876181,0.0567570750013622,3.32320447623373e-17,0,0,0,0.126030107638764,0.0985996220210087,0,0.0448382180903431
"129",0,0.161034461447318,7.77788676347712e-18,0,4.90288315048864e-17,0.0145459629888645,0,0,1.79068345719811e-17,1.7079959692288e-18,0.232893021893815,0.262707023491458,0.000629631714592218,0,1.29335368836014e-18,0.0354953284566226,0.0289232255709833,0.000942125964869482,0,0,1.99191823442131e-17,0.0926571502422157,0.103358028163241,4.02284645327582e-18,0.0668140400660201
"130",0,0.153635608674462,0,0,1.10881647455783e-17,0.0180423380329634,9.23567678884173e-19,0,0,0,0.237914588492467,0.276447802112697,0,0,0,0.0381028838942642,0.0274107101919395,8.71042979904946e-17,4.48230200067703e-18,2.68437716189533e-17,2.85056569756973e-17,0.0727465346980874,0.0979407197119306,0,0.0777588141911888
"131",0,0.182294820984884,7.6651520087538e-17,0,0,0.00275298032823842,2.17238142580787e-17,0,9.15219908054572e-18,4.67852761002341e-18,0.224342393440615,0.292187792152275,0,0,7.47717860673757e-17,0.0404651124674499,0.0171643781367453,0,0,0,8.44945823354526e-17,0.0611262115095075,0.0878284308959267,0,0.0918378800843578
"132",0,0.179892450818966,7.10223382909687e-19,2.75091832603075e-16,7.37064980385098e-18,0.0153577513554038,0,0,0,0,0.22999347732943,0.298218468133204,0.0003829499360612,0,0,0.0485509405594492,0.00979895732428802,0,0,5.41777536127972e-18,4.16734109322578e-18,0.0583226406110125,0.0829941710167963,1.22852606660846e-18,0.0764881929153889
"133",1.52496216037343e-18,0.181618724397419,0,1.39462302301755e-16,0,0.0202003923605324,0,0,0,2.90623278607193e-19,0.226373180595237,0.295890066213564,0,3.08031232762897e-17,1.29182047883153e-16,0.0375349907765762,0.0119490127969,0,0,0,0,0.0844858996001631,0.0642384969015345,2.38651461740543e-18,0.0777092363580734
"134",8.00578317762212e-19,0.208198651062054,1.77697358326724e-17,0,0,0.0212523771239515,0,4.85085894523234e-17,1.34312148797542e-18,1.03210917743155e-17,0.213074802179835,0.314433018621628,2.85918856855963e-18,0,0.0385131015438062,0.00883748628216642,0,0,1.68733822078195e-18,0,2.72689384411462e-19,0.0692316232418832,0.0623018830688512,9.40765981507368e-18,0.0641570568758245
"135",5.83378921640954e-18,0.228916694556714,0,4.49807190239324e-17,0,0.0244175343106124,5.43350762010546e-18,0,0,0,0.213648873305206,0.306771647399001,7.68487755642649e-19,0,0.0493338759321497,0,0.00367195765438298,0.00166880175289876,2.96686978073895e-17,0,3.84397163453404e-18,0.0614614722512521,0.0591083581216549,3.17432389454553e-18,0.0510007847161278
"136",1.15746317044604e-18,0.227169437914656,0,5.00159483157581e-18,1.62257364512896e-17,0.0280567881839243,0,0,1.70827734008566e-19,1.45586801979828e-18,0.215754136656496,0.315208041703981,3.05684146445277e-18,0,0.0506329205339188,4.00909992991947e-18,0.00328581738732573,0,7.195841848206e-17,2.88033699798601e-20,0,0.0509205243689455,0.0649269229650385,9.59747070369945e-18,0.0440454102857137
"137",4.27810163298128e-19,0.223891408186101,0,0,2.52946287670721e-17,0.0275034065702877,7.31168676021461e-18,5.94288665838239e-17,3.09143776361383e-19,0,0.216746697118441,0.316914538930338,0,2.93520153098706e-17,0.0536017509079487,7.43308477336056e-17,0.00210165023552327,0,0,2.31548778456746e-18,7.17467176150344e-18,0.0483804012002977,0.0643035469008197,0,0.0465565999502428
"138",0.003511270494815,0.251662687397138,0,0,0,0.0240024724245918,0,2.4524839626971e-17,0.0155319203580255,0,0.206228614487502,0.3100796471696,6.40639010653549e-19,0,0.0310496346080716,4.4599697132066e-17,0.00310981677490235,0,0,0,8.6760356307574e-19,0.0676352671786671,0.0627772446253504,1.03924372113313e-18,0.0244114244813363
"139",0.00451561722543108,0.249093473114962,5.52727412564444e-17,4.28412073452775e-17,2.69742307575234e-17,0.0271357554353706,1.51298726685073e-18,2.36425346964674e-18,0.00756454673678012,0,0.206214052998259,0.310801080448621,3.32554286350924e-18,3.04092274846543e-17,0.0410180669518242,0,3.50058054788475e-19,0,4.5828488250853e-17,2.88032800926797e-19,5.28745297429927e-18,0.0657540515727161,0.0658989346317866,6.63467604668102e-18,0.0220044208842489
"140",0.019742545227964,0.292582052252466,1.06600798412989e-16,2.20481896548163e-17,0,0.0450841838551874,1.58068680245185e-17,8.46800497442367e-19,0.00156491170126908,0.00725798356601813,0.200495576135733,0.27936677356149,9.55064564214922e-19,4.73177236321803e-18,0.0854268806470155,0,0,7.40266675396757e-18,0,1.54669363283915e-17,7.00278623206422e-18,0.0101935326959521,0.0502241424539619,1.17469431549623e-18,0.00806141790294257
"141",0.0176801400005608,0.336765890936693,0,8.93804691605245e-17,4.28447612694937e-17,0.0516880108986122,0,4.31760036787188e-17,0,0.0156068388899558,0.181044456714832,0.265901118007655,0,0,0.0557696159865691,0.00908964782511826,2.34159684190687e-20,0,6.33960683855944e-18,2.06430296017273e-18,7.10207640956029e-18,0.0149888439159658,0.0508534396242095,1.00787897216898e-17,0.000611997199828431
"142",0.0156170388197591,0.337577304883463,0,1.80292217106696e-16,3.77959193840237e-17,0.047108166552029,0,2.03673296869556e-17,0.00185286309621084,0.0119055977951484,0.187922576675311,0.271935915462607,3.18814212774952e-18,1.86975120700013e-17,0.0225149235803218,0.0390349175618474,0,3.8660983625544e-17,5.93939099586511e-19,0,0,0.0142329960054944,0.0459684671151963,0,0.00432923245261109
"143",0.0156093041083559,0.378086883663051,1.99122018633276e-17,0,1.0631606174287e-17,0.0494695989625811,6.54098063197536e-19,0,0,0.0180872650633692,0.157209830418556,0.266836383806199,1.85812522597319e-18,0,0.036917369076413,2.75620904824128e-17,4.2487954480299e-19,1.00928726857908e-18,2.08014427873452e-17,1.08437247348962e-17,2.74818707356806e-18,0.0506546834812425,0.0271286814202317,1.23040887705054e-18,0
"144",0.0136814784197933,0.381948334313009,0,0,9.95910052882311e-17,0.0438506054051373,0,0,0.00746852424347742,0.0183702285202164,0.168205096985595,0.237867371687914,0,0,0.00906561756447623,4.30902495281049e-17,7.82206074022827e-18,0,1.15890496215167e-16,0,0,0.0769128530316052,0.0123879017300247,0,0.0302419880987507
"145",0.0239693629782339,0.389554982116188,0,0,0,0.0437705179157295,1.10082048013287e-17,1.76324004282424e-17,2.30940998950664e-17,0.0280826474850791,0.157029359307983,0.227570607477392,0,2.09610916606996e-17,0.0185056833537086,2.48818407428262e-16,0,0,9.00267558244786e-18,0,1.13325128372572e-18,0.0796553368384449,0.0160202388546368,1.10409225161043e-19,0.0158412636726041
"146",0.0230252207436502,0.404036274830026,5.7441276913937e-18,2.47466942755733e-17,0,0.0483239799823278,7.78551028623238e-18,0,0,0.0380466659280795,0.145354616972607,0.236227645713752,0.00093995528103833,0,0,2.9702342881729e-17,0,1.79962416808378e-18,0,0,0,0.0993929868057836,0.0029903106307925,1.01743162529254e-17,0.00166234311194297
"147",0.0285664203051125,0.434733127050253,0,1.04036459221409e-16,4.27176842582758e-17,0.0454960326930913,1.64076915321191e-17,1.30035229960526e-17,0,0.0411459574425031,0.143485848370492,0.194814643562907,0.00259427963386209,2.08772865242169e-17,2.16178967343719e-17,5.27657752138707e-18,0,1.72161399083589e-19,4.00300664295306e-17,0,0,0.109033227472882,0.000130463468896675,0,0
"148",0.0176174692374143,0.432092158846449,0,2.05797065212699e-16,1.56711777886938e-18,0.0307124146403648,0,6.80709078115257e-17,4.55386813921377e-18,0.0308492560805261,0.156611424244915,0.200529905409129,0,0,0,9.76394656723388e-18,3.39139795902292e-18,1.52305118316473e-19,0,0,1.4008544649625e-18,0.11385290014938,0.0177344713918217,0,0
"149",0.0250764860433641,0.443343766934805,0,7.4094515098794e-17,2.65690032191737e-17,0.0278997634109541,0,1.0966761247774e-17,0,0.0300978738318474,0.15929635838514,0.189193529347804,0,2.9873167620112e-17,1.41362272966364e-16,0,0,3.3983704747932e-18,2.58840912395801e-17,1.92322028625831e-17,0,0.112001443057982,0.0130907789881023,3.42501914367692e-18,3.74943378703231e-19
"150",0.0434170725711699,0.472164063963805,0,0,0,0.0420282987196223,7.01311823916386e-18,6.7679053491717e-17,0.0179701451596701,0.0227466947323582,0.171063091851984,0.0836766530397723,0,0,0,5.21062125448105e-17,1.23174138422391e-18,0,0,8.37322626401866e-18,0,0.122347370792469,0.024586609169149,4.62668567352528e-19,0
"151",0.0488128411315951,0.459862836190106,1.57398762212949e-17,0,0,0.0452067716205161,1.53003958864919e-17,5.32422607570243e-17,0.00851735087742705,0.0266366953882919,0.158429532343444,0.112116449347197,0,4.38408800366561e-17,3.66400278291225e-17,0,1.60381916648006e-18,4.7977632056617e-18,0,0,1.79445567395013e-19,0.11019053234787,0.0302269907535522,0,0
"152",0.0480247787109647,0.450056671971599,1.87905668593919e-17,1.75399766168752e-16,4.23088952379091e-18,0.0449658149712893,0,3.56662316795011e-18,0.00132867031373532,0.0323232635801497,0.155697261444015,0.12128125181997,0,8.72597493486775e-18,0,3.62274565302596e-17,2.29047010861399e-18,0,0,1.46239974637696e-17,0,0.104911429921606,0.0414108572666703,5.02605971424755e-18,7.97579870945369e-19
"153",0.0589184919233517,0.460361649356659,3.45698137128729e-17,5.99161745648978e-17,0,0.0517855661020375,2.22569441217192e-17,2.12671394870786e-17,1.68637986568983e-18,0.0265611626401001,0.138164854325013,0.119134231688424,0,2.5099416451018e-18,0,1.99692138034494e-17,1.63163674403766e-18,0,0,0,0,0.101830001348401,0.0432440426160137,6.58904181463418e-18,0
"154",0.0492125812432137,0.444358126761663,0,1.63223485839695e-17,2.34240103860932e-17,0.0473280512449202,0,0,1.72958291230472e-18,0.0229982861288456,0.143252486924173,0.145076454664679,0,2.09164530319976e-17,1.4147912938632e-16,0,2.6673387920017e-19,2.04927868615641e-18,1.04876474069585e-16,5.04409338194678e-18,0,0.0984693965753526,0.0493046164571523,0,6.59657991346919e-19
"155",0.0549718744126953,0.44984070209443,0,0,8.70298003618798e-18,0.0465719130085941,4.07941853558236e-18,0,0,0.0185284875410483,0.138417786372255,0.16987074518905,7.33642608449648e-20,0,0,1.54075805074717e-17,5.47536293073169e-19,0,5.04208027867223e-18,1.00491207451185e-17,0,0.0814223200725688,0.0403761713093576,3.28527934322237e-17,0
"156",0.0443167615745471,0.486561416652462,0,5.12918530305045e-17,0,0.0451073339349299,4.80206551562809e-18,9.11187553936294e-18,0,0,0.122411826724653,0.183952940521672,4.3795201563899e-19,0,2.32888765774672e-16,1.09065418603879e-17,0,9.44435892391081e-18,6.97857826276039e-17,3.21590857229989e-18,4.69095124054031e-18,0.0685155460846376,0.0428412268770999,0,0.0062929476299975
"157",0.0485763281776294,0.527507764219561,0,3.39496640867954e-16,4.21218167216965e-19,0.0477363982928016,5.21155367429344e-21,0,0,0,0.0969710516262045,0.164525527976743,8.30120784800032e-19,2.92755247901737e-17,0,3.99828927401239e-17,0,0,0,8.82544767428371e-19,4.28550379750697e-18,0.0697559688114203,0.0391677076881151,0,0.00575925320752455
"158",0.0375845131705258,0.534717570456498,4.97643482596183e-17,0,0,0.050589600400131,0,1.00503727509575e-17,6.71642543326972e-17,0.00957178739681468,0.107412540819694,0.162324341970779,8.48521940527989e-19,0,1.86626411493065e-17,0,0,1.22948126105812e-17,1.66313381068677e-16,0,0,0.0492803357623493,0.0485193100232071,2.14662386213604e-17,0
"159",0.0395554560667173,0.54982888341723,4.49798545597501e-17,0,0,0.0551765272511958,7.52402639339681e-18,1.13765172153744e-17,3.40312515334535e-17,0.00889642581291127,0.103284500778017,0.143354826735913,4.59674688070557e-19,0,2.41342427577802e-16,1.13612748337253e-16,8.37312155955889e-18,0,0,1.24621871355951e-19,0,0.0502730139497996,0.0496303659882158,2.20920202574084e-17,0
"160",0.0399209840036922,0.546588664971977,0,1.261243609175e-16,5.6952151777787e-17,0.0584602660963063,1.13578997601633e-17,0,0,0.0155854086762922,0.101740894436756,0.154380722141073,0,0,3.83837509831989e-16,0,0,0,5.55014708768206e-17,0,0,0.0293152037837022,0.0508481434272081,0,0.00315971246299174
"161",0.033595073863173,0.539731115730017,3.63965022339134e-17,0,0,0.0554377050067316,1.23749427357918e-17,0,1.37658544952396e-17,0.0142695289012295,0.105036831646258,0.150203295004078,3.88936467887791e-19,0,0,4.66708954965906e-17,2.11734295268748e-19,2.66177110315584e-17,0,0,0,0.0341379774809541,0.0612797762042997,2.66804770261631e-17,0.00630869616325905
"162",0.0228654623734042,0.431329403667042,0,5.37645159728829e-17,1.32464589030228e-16,0.0620300729105801,2.74829183049753e-18,0,0,0,0.128340504409134,0.253760710954272,4.75619708178081e-18,0,4.99922730130927e-16,3.20217664790927e-17,7.15197728834836e-18,3.11137156157172e-18,2.18343254012291e-17,0,0,0.0665299857417156,0.0258968458752429,4.18167691121193e-17,0.00924701406860792
"163",0.020656710911234,0.407926715386922,0,0,0,0.0672319182527737,2.72357911329953e-18,7.45560361308736e-17,0,3.46944695195361e-18,0.13748454941322,0.246700604527294,0,8.15258500903384e-18,3.0542418832672e-16,3.13633144705935e-18,0,2.43013425157931e-18,7.99585269533139e-17,1.24381929556688e-17,0,0.0877455518792763,0.0254643887783959,0,0.00678956085088427
"164",0.0179843884139542,0.401636198427832,6.19347872527375e-17,0,6.41416086156793e-17,0.0664243164485413,0,0,1.9936309725414e-17,2.09537595529474e-18,0.141441200782371,0.243557072263695,0,0,4.4763033489682e-17,3.47667124896721e-17,1.0351410978902e-17,0,1.1406648602961e-17,0,0,0.0939029342998959,0.0302635339994274,0,0.00479035536428267
"165",0.0245776899945771,0.397223239360044,1.230210493027e-16,0,3.89971254021891e-17,0.0663930133139955,5.02399251928637e-18,1.14834878966543e-16,8.22822102167202e-17,0,0.140659274637542,0.246477884225,0,3.48807463060692e-17,4.68165379747446e-16,1.30212633514464e-16,0,0,0,9.3075028077259e-17,0,0.110273557081711,0.0130440990878183,0,0.00135124229931003
"166",0.0293687688094042,0.3911870151942,0,0,0,0.0642469958191808,7.6549860540341e-18,4.21264468399393e-17,4.41811394330678e-17,1.00454728930198e-17,0.13827747478297,0.245040315531192,0,5.5265302795046e-18,0,7.27847670284541e-17,0,0,0,2.1529682252678e-17,0,0.120152622626164,0.00926283106916171,1.17256380465421e-17,0.00246397616772769
"167",0.0304757290795569,0.387015189091751,1.27762911646927e-16,0,7.3029379171298e-17,0.0637407451870685,0,9.64485221876472e-17,0,0,0.138343892660414,0.248152976285321,0,0,0,0,2.01726323384594e-17,1.98393841906755e-17,0,0,0,0.121426141844694,0.00914523518313449,0,0.0017000906680601
"168",0.0303470203224265,0.412010043789353,1.21679421360554e-16,0,1.63764685854312e-17,0.0667342536717999,3.86140955057209e-18,0,3.38945690444469e-17,9.18711253259681e-18,0.146647052742096,0.228337125980906,3.6117689971652e-18,0,1.3800370569162e-16,0,0,0,0,5.17572419983402e-18,0,0.0835386234253642,0.0195875901532171,6.49948199411003e-18,0.0127982899148381
"169",0.0362524849404002,0.39845858981041,0,0,0,0.0603636893181625,1.36943915327344e-18,0,0,2.57234792950212e-18,0.14859363670912,0.239646967989734,3.54622699899147e-18,3.26039011965299e-17,0,2.16415311504475e-17,3.46944695195361e-18,0,7.3470139447179e-17,2.53420376750444e-18,0,0.0840430059131906,0.0212916723816742,0,0.011349952937309
"170",0.0514068646072193,0.413510223260908,0,0,0,0.0658994048851413,0.00396256212207507,6.0570700165982e-17,0,0,0.18210811732504,0.124602744496092,0,0,0,0,0,0,9.67858834158897e-17,0,8.96323661264492e-18,0.121886627780145,0,1.04198108290421e-17,0.03662345552338
"171",0.0511686154355344,0.423501400228628,0,1.33157263653903e-16,0,0.0623362260190308,0.00576453764156016,0,0,0,0.18823377800211,0.114500534514269,0,1.96666548768575e-17,7.44110583524922e-17,8.82999070828181e-17,0,0,0,0,0,0.117247351866051,0,0,0.0372475562928159
"172",0.0480611309888581,0.412820671423695,3.20685134805817e-17,1.2084878786413e-16,0,0.0609146735391007,0.00301480180309447,0,0,2.05056949131302e-18,0.183961160320599,0.123850566037208,5.52889816306011e-18,1.3106496141027e-17,0,0,0,0,0,5.62402866045465e-18,0,0.131380802588363,9.96923508206566e-18,0,0.0359961932990815
"173",0.049830895745354,0.382942961874354,3.73467400897907e-17,1.93583004264767e-16,0,0.0726095790965586,0,0,3.76372336704502e-17,0,0.176818620416007,0.137695613039609,3.96525853501243e-18,7.76779817673297e-17,7.50807418090069e-17,0,7.06370847160327e-18,6.52063932868666e-19,0,0,0,0.143987740343898,0,0,0.0361145894842195
"174",0.0525949593201675,0.374417727254943,6.1877240552929e-17,0,0,0.0707129198784945,0,3.20814673674416e-17,0,1.39533162483728e-17,0.172600964825604,0.141710824795542,0,5.69688791317452e-17,1.93132808619495e-16,0,0,0,0,0,0,0.153334659851333,6.00382355794746e-18,0,0.034627944073916
"175",0.0570990808441415,0.379852900927818,0,5.44576597705272e-17,5.77026972432574e-18,0.0687113050438993,0,0,7.35406600079168e-18,0,0.17451894809938,0.135020904935725,1.65214162468733e-19,0,4.10773228038371e-17,0,2.39158614571911e-18,3.44689790763536e-19,0,0,2.43084128411528e-18,0.148862277854309,5.28622215317098e-17,2.06924961363975e-17,0.0359345822947269
"176",0.0663931325479568,0.366199710963744,0,0,0,0.0762121750202053,0,3.40697511918319e-17,0,3.9991320167369e-18,0.182321448367874,0.126322761529681,2.99285751759347e-19,0,0,0,9.40815608337767e-19,0,0,1.58415795488925e-17,1.43625582321733e-17,0.139592682569048,7.70163474759323e-17,0,0.042958089001491
"177",0.0817456067873199,0.349580020478591,1.30355539659715e-17,6.26876535053037e-17,0,0.0713341865892917,0,1.47996952832178e-17,0,7.35467245829674e-18,0.176748313567003,0.120111170074994,5.90380088092331e-19,3.24024214597048e-18,1.61663581960328e-16,3.80878436664087e-17,1.90883087739448e-18,2.58005099126516e-17,0,0,0,0.170270464977823,2.86114254895216e-17,0,0.0302102375249777
"178",0.0811097741822735,0.347480657809561,0,0,2.30964157449936e-17,0.0698414107820075,0,4.86150684018636e-18,4.9004313575886e-18,0,0.175867684979945,0.123597309283454,0,0,2.03308513888721e-17,6.99887969864963e-17,4.82864984492654e-18,0,1.47787629127133e-17,0,6.4145937488168e-18,0.171967692976358,0,1.23232462938277e-18,0.0301354699864013
"179",0.0837868591173705,0.324366033302111,1.39337834010473e-17,2.759364509217e-16,0,0.0645199961058966,0,1.77911541097044e-17,1.76192857593146e-18,0,0.178427851680991,0.141439104414316,0,9.52372879834824e-17,0,0,1.68566900465069e-18,2.36189034943628e-18,8.23147121788232e-17,2.73698741995103e-17,0,0.178478899893024,4.01981856533316e-17,1.23445806366442e-19,0.0289812554862913
"180",0.0764296674699022,0.322253137720105,8.04050974173062e-18,0,0,0.0656375378580873,0,0,2.50018354600553e-18,7.79459980056924e-18,0.178128710780933,0.148200199414623,2.93171776382882e-19,0,0,5.27022023531409e-18,3.41476219655184e-18,0,0,0,2.98757673861284e-17,0.181541091186803,0,0,0.027809655569547
"181",0.0919934347597088,0.325611795186309,3.08666985047052e-17,7.93240308380699e-17,1.26531730697363e-16,0.0731002687636031,0,0,0,0,0.162851449484451,0.122247705678826,2.40574704132732e-19,0,0,5.1181752457435e-18,0,4.86752409245452e-18,0,0,8.54910226647756e-18,0.1956993559157,5.55409454658415e-17,0,0.0284959902114016
"182",0.0928305153838692,0.323769701893085,1.52888766199105e-17,0,2.19699651292856e-17,0.0731456014689543,0,0,0,1.97381092058674e-17,0.160779618731725,0.120959418836166,3.92177196637858e-19,5.40381896393369e-17,0,0,3.98032974213544e-18,0,7.90753775897811e-17,0,2.75843575186103e-17,0.201914237898255,0,0,0.026600905787945
"183",0.0738463174303363,0.256479810264143,0,2.2525927188497e-16,9.32208622311976e-17,0.0631326445111497,0,8.32459653165846e-17,0,0,0.173019171295629,0.150544100098416,6.16657022193943e-18,6.95132199796129e-17,1.01736330689732e-16,0.0142561671227816,0,1.96387374236509e-17,9.8315807387612e-17,0,1.0812110899474e-17,0.251450343498055,0,7.78311018748967e-18,0.0172714457794884
"184",0.0262093332210155,0.253153498591891,0,5.27740678465239e-16,1.41285208294438e-16,0.0417032339792585,0,6.60486169858856e-17,2.34941680017099e-18,0,0.0934001495598626,0.119292577647237,0,3.78334829677646e-17,0,0,0,8.58177613792681e-18,0,0,0,0.438745174427956,3.06945957764061e-18,0,0.0274960325727775
"185",0.0370841129960258,0.24542320883676,0,0,0,0.0605998795405725,0,6.54842092516564e-17,0,1.4487775014813e-17,0.0789965964453723,0.116791904310898,0,0,2.6460690595334e-17,2.66624315358964e-18,0,0,0,0,0,0.419578996357023,0,3.60017552850718e-17,0.041525301513349
"186",0.047189531794746,0.2317514519028,0,0,0,0.0452037504366621,1.39068577543317e-17,2.15734545106573e-17,1.3829926377405e-16,0,0.0915801997579304,0.113657066560829,2.75217420970312e-17,0,2.36751187428674e-16,0,0,0,1.96708438534912e-16,1.32773087280148e-18,0,0.431911419406492,6.12088869717445e-17,8.41111917337075e-18,0.0387065801405397
"187",0.0426031205807705,0.190049148591215,1.34324304376737e-17,4.3972856979409e-17,0,0.0586862696833818,0,1.25366427709524e-16,6.3990284052448e-17,1.91367760083541e-18,0.082082686752574,0.143831102188041,1.13696863854552e-17,6.30599972136573e-18,4.03053951507352e-16,0,0,9.171789025625e-18,0,8.63805228535269e-18,1.96265496477944e-17,0.442599547043295,0,3.89641143525272e-17,0.0401481251607217
"188",0.0407709757549713,0.205249869143262,0,0,0,0.0588533468132054,8.92607626550182e-18,5.81992747166868e-17,6.78545298540206e-17,9.90639999060518e-18,0.0880520165156956,0.132756443846183,0,1.04496340399167e-17,2.36378028539744e-16,0,0,1.93422102237585e-17,2.04956676534338e-16,0,0,0.435312318729661,0,4.50649081326182e-18,0.0390050291970217
"189",0.064497762876978,0.177286443727414,1.14343056027735e-16,0,0,0.0495766698823241,0,4.42906193291941e-17,4.71032372595469e-18,2.42471539903601e-17,0.0890679469817458,0.136949190415254,0,0,0,0,7.38411872907878e-18,1.12820406045917e-17,2.49721980568068e-16,9.04113238924462e-17,0,0.444995491026594,1.28944997583515e-16,2.10199872733849e-17,0.0376264950896886
"190",0.0822979545034992,0.196876701225081,0,1.67473801300164e-16,7.99250563872487e-17,0.0431135516735197,1.51621318019262e-17,1.23212557993276e-16,0,0,0.0682197358174538,0.113695815047993,6.41373500650595e-18,0,1.45540143101099e-16,0,1.07341491008186e-17,3.15764577609819e-17,0,0,2.05212896488449e-17,0.448192586661311,7.3240534287178e-17,0,0.0476036550711428
"191",0.111847231772129,0.167523786282251,0,0,0,0.0711694543819334,1.35915784678027e-19,3.51837201942757e-17,0,0,0.070593190565,0.0680466333357217,5.39169393384157e-18,0,2.78443306056439e-16,0,0,0,4.5218389561527e-16,0,0,0.467911950081677,8.40346364595628e-17,1.06766750368713e-18,0.0429077535812878
"192",0.135392234229873,0.144977188708018,1.64436735221009e-16,0,5.19874449822521e-17,0.075101256417928,0,5.75880726574822e-17,0,5.38467521209612e-18,0.0338909613272071,0.0731128451676203,2.7920580216877e-18,0,2.11780827124159e-16,0,0,0,3.87754497371028e-16,0,1.40709174734293e-17,0.496322783091079,1.33483767182145e-16,0,0.0412027310582736
"193",0.139106510498551,0.11958524868799,1.61650764858444e-16,2.08452178390484e-16,8.14322541888199e-17,0.0792819646280111,0,0,2.71211044506095e-17,0,0.0321158574269997,0.0841527357540718,5.35714903233123e-18,6.87902963633081e-17,0,0,0,2.32554398878917e-17,9.19830914286389e-17,0,0,0.506084698194051,2.03318572048419e-16,1.95320857642168e-18,0.0396729848103246
"194",0.135014720056083,0.0843650949958878,0,2.66552079878554e-16,3.54518401949408e-17,0.0931373059779296,0,0,0,0,0.0312331483753224,0.0695106507241747,6.64728034852688e-18,1.42615840323156e-16,2.06632308706512e-16,1.92530776984867e-17,4.37287091455413e-17,3.3579066602622e-17,1.22334466798273e-16,0,0,0.523350189234511,6.44292288812373e-17,7.65246087834983e-18,0.0633888906360901
"195",0.158490325866641,0.0357839696717962,0,0,6.22494698609653e-17,0.0999887283737237,1.49126608236205e-18,0,0,6.18913735608709e-18,0.0326699926410161,0.050973897669879,2.15437400989728e-17,1.19191374254687e-16,0,0,4.91636537368603e-19,4.65915641156295e-16,0,0,2.94272432542615e-17,0.540404975410789,0,2.03050156722736e-18,0.0816881103661542
"196",0.140417629397515,0.0365028481950222,7.1701628181868e-17,0,0,0.0857159780349843,0,5.98345595672632e-17,4.63742565184595e-17,7.0871833445742e-18,0.0104243902086428,0.0590857140253446,0,0,0,0,1.97541722191666e-17,0,2.10965728072265e-17,0,0,0.567296052407113,0,0,0.100557387731378
"197",0.150312844387371,0.0408057724681283,0,0,0,0.0789066717504855,0,0,8.26905622495166e-17,0,0,0.059430298664146,3.20871060850652e-17,0,0,8.24848941721735e-18,1.47557793361615e-17,2.67330123574389e-17,0,0,2.61353007001534e-17,0.549716710066428,0,0,0.120827702663441
"198",0.131068226969838,0,0,0,0,0.0873562978823493,0,0,2.47556937295939e-18,4.21583369866604e-17,3.48291157212574e-35,0.0904399191854421,2.94361560489391e-17,4.22664777196749e-17,1.23889724907396e-16,6.00501555438134e-18,6.94548218681515e-19,2.49059080720233e-16,0,7.06525654650221e-18,3.68456496028247e-18,0.535657781162072,8.42072983788516e-17,0,0.155477774800298
"199",0.130031994983803,0,1.12355813505705e-16,0,0,0.0847324767957513,0,0,9.4331818841808e-17,0,0,0.0962826590323638,0,0,3.60615022804994e-16,0,0,7.97127642687716e-17,0,0,1.11652439786825e-17,0.529361768227842,7.09545806162414e-17,3.43499341159422e-17,0.159591100960239
"200",0.129637766768565,7.5527651742081e-18,0,0,3.14585993284685e-17,0.0775245136722735,2.34444843401543e-17,1.83464195588319e-17,2.40032185398454e-16,2.69215829017325e-17,0,0.106175473886275,0,0,0,0,0,8.25583208490768e-17,0,1.54156203240772e-17,0,0.525038713609253,0,0,0.161623532063632
"201",0.128142694744516,0,0,0,0,0.0647698598045547,1.26338914353382e-17,0,1.85584404200556e-17,0,0,0.120806488615958,0,0,0,0,1.74423372034746e-17,2.01761255680723e-17,0,7.65393667069899e-18,0,0.508867624478804,9.94316775506432e-17,0,0.177413332356168
"202",0.113287752647724,7.67880828210394e-18,0,2.77915289130226e-16,0,0.0595291602596201,1.15806966861401e-17,0,0,0,0,0.145996538840208,0,5.96407465939558e-17,2.09984281855013e-16,2.74745451154213e-18,0,5.52458503708829e-18,7.14242485078912e-17,0,0,0.524287117347653,0,5.83510146524605e-17,0.156899430904794
"203",0.105524959987732,0,4.94881817846117e-16,0,2.43351632071207e-17,0.0609063851660911,0,1.83351950652573e-17,5.06411597783992e-17,3.30881887415606e-17,3.46944695195361e-18,0.155244216782716,0,0,0,0,0,3.64766871037365e-17,0,0,9.41187972737221e-18,0.512551810748981,0,1.85568676914358e-17,0.165772627314479
"204",0.105851362284303,6.28897030586151e-18,0,2.34086564992887e-16,0,0.0631453307616015,0,0,4.95970503972023e-17,0,0,0.16403806141863,0,0,7.87965511802403e-17,1.46400262275771e-19,0,1.75391958640832e-17,1.62606774323085e-16,0,0,0.499531545161597,2.22136252303962e-17,1.25726097691243e-18,0.167433700373868
"205",0.108301715864847,3.5959150747005e-17,0,2.67634705373367e-16,0,0.0534897996723563,3.80276966333196e-17,2.27398886905447e-17,0,0,0,0.16811681235897,7.15917762615476e-18,0,7.43149535077899e-16,1.17424953365905e-17,0,0,0,0,0,0.496329131259601,2.4000951335559e-17,0,0.173762540844225
"206",0.103066924897688,0,0,0,0,0.0396504782422684,0,5.35554120526923e-17,2.48434621973975e-16,0,0,0.162431870478727,2.68363798239388e-18,1.78794950408502e-16,0,0,5.76656108443751e-18,0,6.60179980624016e-17,0,1.376679082171e-18,0.490210852278313,0,9.73731139415895e-18,0.204639874103003
"207",0.103105875897127,0,0,0,3.08129685651884e-17,0.0401093201967033,2.38778143068496e-17,0,0,0,0,0.162070880029833,0,0,0,0,2.08156110285883e-17,0,3.00756333080415e-17,3.42581850026525e-18,3.87646312996162e-18,0.491164393392744,7.24026647466142e-17,1.68285845854949e-17,0.203549530483593
"208",0.100304378082802,5.41749254498759e-17,0,0,3.42149904057273e-17,0.0440733199420879,0,2.58635931784526e-18,3.70936115420323e-17,3.43801782699936e-17,0,0.154741282349954,7.98875331684578e-18,2.48839102992591e-16,2.39435459079093e-16,1.55919181432213e-18,0,1.36848319013837e-16,6.54710383814228e-17,9.13335817681668e-18,3.85815558069871e-18,0.490759646980628,8.71914642476114e-17,1.56382397328485e-17,0.210121372644528
"209",0.0824379882830726,2.01468661649031e-18,0,1.27624284134022e-16,3.09331714697725e-17,0.0504136897405417,2.42548012254036e-17,4.58273485811333e-17,0,2.72749828784535e-17,0,0.156180422920758,0,0,1.06344936752606e-16,1.27600161615975e-17,0,3.03018642240409e-18,0,1.58685631616934e-18,0,0.523543566855057,0,0,0.187424332200571
"210",0.085250614862994,4.68744481408106e-17,0,4.07687685598452e-17,1.83780689897406e-17,0.0506382493936842,0,0,0,6.99315225387175e-18,0,0.157139461002315,0,6.17714817173177e-17,0,0,0,0,8.03835301466245e-17,0,3.02094631081345e-18,0.518501254949143,1.18302450570993e-16,0,0.188470419791864
